-0.0436344,-0.150739,0.598371,-0.0775045,0.460309,-0.0596457,-0.179041,0.593128,0.478894,-0.0784333,-0.681508,0.149592,0.391432,0.0725949,0.396792,0.263648,0.185512,-0.241542,-0.12522,-0.487567,0.463825,-0.992452,0.183899,0.0574181,0.15467,0.488467,0.443514,0.88457,-0.716463,-0.603138,-0.0458752,-0.208553,0.543946,-0.435355,-0.515138,-0.526899,-0.25118,0.649305,0.45646,-0.092482,-0.385437,-0.239103,-0.619629,-0.530238,0.00954103,0.38833,-0.218982,0.0426613,-1.70264,0.148247,0.634981,-0.269698,0.0195842,0.344152,-0.384616,-0.0364091,0.245817,-0.474371,0.279387,-0.739726,0.602021,-0.604579,0.913883,-0.0185359,0.570875,-0.42538,-0.0150525,-0.271418,0.0988226,0.262617,-0.0287882,0.0492769,-0.603176,1.13804,-0.658407,-0.347903,-0.801605,-0.35733,1.09784,-0.31314,-0.378202,0.167642,0.329689,0.50508,-0.470293,-0.0207996,0.709791,-0.225819,-0.0148667,1.23641,0.309649,0.627362,0.0839875,-0.429379,-0.943017,-0.0632468,0.515212,-0.550683,0.330165,-0.234477,-0.447979,0.401525,0.481408,0.165791,-0.527013,0.568172,-0.645163,0.0590724,-0.66116,0.624644,0.789572,0.724168,0.143563,0.77034,-1.36168,-0.760115,0.227217,-0.584733,0.95955,-0.179382,1.03117,-0.398297,0.510859,-0.513098,-0.0249847,-0.248617,-0.230112,0.0177662,0.365904,0.322378,-0.024656,-0.265664,-0.0917903,-0.14464,0.396301,0.408414,0.611066,-0.357315,-0.292055,-0.424269,-0.635983,0.707565,-0.399183,0.197392,0.00247826,0.41624,-0.226935,-0.00724676,0.0438937,-0.136798,-0.538614,-0.0991165,0.372231,-0.511183,0.266669,-0.304306,0.532914,0.205752,0.0507826,0.577398,-0.190027,-0.399046,0.249697,-0.136447,0.105393,0.0638159,-0.479387,0.136061,-0.0898032,0.384549,0.766647,0.353722,0.339226,-0.411164,0.683698,0.402649,-0.4599,-0.337346,0.436389,-0.118621,-0.00383487,-0.554957,0.061414,0.0891535,-0.62623,-0.317353,0.492602,0.209965,-0.978234,-0.246532,-0.70634,-0.910762,0.177992,-0.154994,0.568082,0.473827,-0.0831923,0.391403,0.206356,-0.827211,0.126428,-0.277205,-0.19507,-0.0944378,-0.106886,-0.192866,-0.442227,-0.0886805,0.00373891,-0.111528,0.295632,-0.553637,-0.553742,-0.103915,0.305474,0.518455,0.265201,0.0639284,-0.195103,-0.364363,-0.20784,0.0427403,0.0448754,-0.0618879,0.030907,0.0750294,-0.11081,0.361295,-0.05581,0.19391,0.399849,0.320614,-0.275756,0.811958,-0.566013,0.184459,0.126192,0.0777515,-0.384843,-0.354273,0.285311,-0.649448,-0.895004,0.0296564,-0.379606,-0.0155186,0.899886,0.157149,-0.115902,0.16515,0.556566,-0.264886,0.942463,-0.621473,0.0181458,0.338736
-0.113964,-0.259992,0.570067,0.00816372,0.40782,-0.0347242,-0.0416799,0.742384,0.521358,-0.0396647,-0.678977,-0.0186399,0.284287,0.145078,0.2166,0.306926,0.157929,-0.225745,-0.0735257,-0.423208,0.459907,-0.867549,0.253602,0.0184267,-0.00309228,0.457928,0.459099,0.68934,-0.561143,-0.484121,-0.217335,-0.0521639,0.639805,-0.384763,-0.643706,-0.346149,-0.201695,0.668426,0.38349,-0.0900176,-0.263877,-0.141035,-0.501104,-0.812855,-0.0641848,0.590881,0.0638713,-0.00564271,-1.45324,0.0487394,0.58283,-0.251275,0.0502208,0.285521,-0.34276,0.0796878,0.247261,-0.520586,0.335131,-0.411531,0.533205,-0.639688,0.849201,-0.0581088,0.665019,-0.44396,-0.0442561,-0.248179,0.0832797,0.275152,-0.0379985,0.00723774,-0.653703,1.14549,-0.585537,-0.540843,-0.851137,-0.29197,0.891427,-0.386051,-0.419093,0.146583,0.196347,0.55455,-0.507625,-0.00111762,0.798351,-0.28906,-0.155553,1.23864,0.477861,0.458629,0.0381363,-0.380807,-0.828873,-0.216987,0.58663,-0.488163,0.212239,-0.228536,-0.492291,0.379364,0.363177,0.119931,-0.599452,0.432966,-0.523958,0.114644,-0.61726,0.62414,0.870062,0.604364,0.157654,0.822019,-1.51416,-0.83593,0.209834,-0.551444,0.910638,-0.188928,1.03352,-0.350974,0.421269,-0.438328,-0.0275702,0.00369104,-0.398418,-0.00895974,0.345535,0.294251,0.176256,-0.319994,-0.106443,-0.327828,0.491801,0.42756,0.746931,-0.321784,-0.208415,-0.484463,-0.654074,0.914213,-0.241911,0.265472,-0.0275544,0.48992,-0.0516024,-0.0580343,-0.0490546,-0.172831,-0.531075,-0.0231014,0.342735,-0.550272,0.34421,-0.257226,0.444044,-0.00128707,-0.03821,0.552777,-0.0440019,-0.585074,-0.0167713,-0.231862,0.201466,0.0285295,-0.491051,0.236462,-0.0679876,0.396322,0.706405,0.306561,0.295392,-0.274598,0.627976,0.603987,-0.434462,-0.259416,0.395732,-0.102495,-0.092062,-0.573911,0.0244896,0.0491538,-0.611136,-0.251208,0.358013,0.136002,-1.03181,-0.0831697,-0.621797,-0.794239,0.104396,-0.136426,0.593765,0.444401,-0.260681,0.435695,0.12746,-0.890727,0.148149,-0.200023,-0.174403,-0.130296,-0.220625,-0.330252,-0.445982,-0.184002,0.0314009,-0.138599,0.214996,-0.61365,-0.385927,0.134857,0.253606,0.665678,0.283892,-0.0529227,0.0271395,-0.256692,-0.359816,0.00931727,0.173351,-0.205613,0.318889,0.125903,-0.00395893,0.200199,-0.0637319,0.180384,0.254044,0.198829,-0.209846,0.7592,-0.431346,0.0331333,0.107711,0.138183,-0.391615,-0.497143,0.314426,-0.644254,-0.932114,0.136222,-0.296355,0.0520587,0.863416,0.198605,-0.201957,0.159963,0.812179,-0.156503,0.775453,-0.691406,0.00476015,0.403504
0.0421589,-0.451152,0.492246,-0.0786095,0.39258,-0.110871,-0.0556622,0.562179,0.138638,-0.319687,-0.6417,0.21737,0.42055,0.245437,0.35738,0.291569,-0.0747825,0.0191034,-0.265831,-0.459023,0.351163,-0.842252,0.263016,-0.222252,0.080202,0.500937,0.461705,0.49763,-0.426371,-0.439491,-0.0842454,0.102905,0.572522,-0.251905,-0.610915,-0.129861,-0.0584472,0.615837,0.476876,0.244396,-0.104633,-0.0358748,-0.325848,-0.708759,0.0565483,0.227361,-0.0619065,-0.0339686,-1.64083,0.18733,0.498921,-0.142303,0.0290851,0.0709514,-0.0373098,0.0145159,0.280804,-0.351839,0.330649,-0.319384,0.721994,-0.366111,0.811694,0.279297,0.687817,-0.496655,0.253874,-0.416121,0.181671,0.299505,-0.066162,0.133749,-0.629979,1.09867,-0.336417,-0.202022,-1.06663,-0.328646,0.698553,-0.514468,-0.278922,-0.00523006,-0.181003,0.518306,-0.349427,0.232018,0.686076,-0.285982,0.130951,0.903765,0.398149,0.679002,-0.0245868,-0.354506,-0.35719,-0.124187,0.345417,-0.397777,0.187368,-0.203512,-0.175934,0.221732,0.585139,-0.142206,-0.727903,0.478909,-0.602574,0.109726,-0.675822,0.605062,0.804251,0.586848,0.0772165,0.821034,-1.20261,-0.775886,0.491129,-0.622016,0.499869,-0.0181452,1.14965,-0.559929,0.350693,-0.550772,0.0257699,-0.191512,-0.436558,-0.0290667,0.225034,0.238602,0.0871414,-0.241397,-0.244145,-0.271032,0.360839,0.40375,0.415715,-0.160703,-0.315001,-0.354973,-0.523369,0.546855,-0.319867,0.145246,-0.081209,0.541402,0.0704956,0.177647,-0.237074,-0.400264,-0.482692,-0.0854201,0.209209,-0.729517,0.381657,-0.128362,-0.0323171,0.0602804,0.148861,0.421287,-0.303364,-0.64152,-0.00534215,-0.129118,0.28602,-0.0613349,-0.591501,0.224882,0.163374,0.401922,0.649031,0.467079,-0.0495335,-0.352651,0.420964,0.534219,-0.416383,-0.228175,0.189681,-0.480673,0.00218961,-0.531049,-0.154637,-0.0106024,-0.647917,0.00500814,0.317212,0.0449939,-0.806332,0.0755744,-0.726255,-0.816998,0.294542,-0.248178,0.670526,0.193886,-0.0370055,0.605811,0.176944,-0.905429,0.380081,-0.139174,-0.180632,0.138298,-0.0931359,-0.367029,-0.248961,-0.164426,0.159904,0.0373566,0.170987,-0.505458,-0.476369,0.14858,0.390776,0.300507,0.420938,0.00314477,-0.069991,-0.444875,-0.329368,0.103725,-0.000698007,0.0114972,0.336353,0.214226,-0.218588,0.0707017,-0.0625439,0.113793,0.119155,0.268441,-0.370561,0.664485,-0.480858,0.246201,0.119458,-0.188025,-0.271444,-0.497301,0.22698,-0.641457,-0.792072,-0.112155,-0.468335,0.140846,0.894769,0.257102,-0.111495,0.249385,0.617801,-0.327954,0.815975,-0.525284,-0.133622,0.174909
0.160116,-0.211942,0.577795,0.0496358,0.400162,0.0538887,-0.0906669,0.761579,-0.00719131,-0.361971,-0.233687,0.302407,0.523349,-0.0564725,0.334616,0.308302,0.281946,0.0357437,-0.366427,-0.4215,0.320825,-0.817679,0.345752,-0.327674,0.233947,0.262977,0.0722502,0.249195,-0.243778,-0.223272,-0.106657,0.105532,0.454586,-0.0902602,-0.447368,0.0867401,0.0720899,0.663665,0.483391,0.334863,-0.125389,0.0213086,-0.24915,-0.729737,0.0775932,0.18016,-0.0594038,-0.025671,-1.46769,0.0668585,0.53885,0.00658255,-0.0209722,0.0768448,0.13758,0.0813765,0.454504,-0.607854,0.538661,-0.328869,0.620847,-0.549009,0.707485,0.168484,0.669322,-0.29335,0.201937,-0.467664,0.269913,0.556641,-0.0933593,0.0197209,-0.652925,1.01949,-0.219977,0.0336149,-1.00327,-0.3214,0.426979,-0.462118,-0.4199,0.158131,-0.364186,0.425651,-0.239961,0.034829,0.672097,-0.241517,0.119371,1.12558,0.381836,0.714079,0.0601021,-0.356885,-0.296074,-0.0414043,0.443155,-0.553843,0.141046,-0.0311054,-0.122124,0.172328,0.760811,-0.0406284,-0.60485,0.447152,-0.509362,0.251017,-0.838938,0.361367,1.00023,0.845632,0.238826,0.916992,-0.869323,-0.669834,0.380558,-0.270702,0.376755,-0.133625,0.97126,-0.545313,0.180409,-0.581068,0.126702,-0.356075,-0.392137,0.0786127,0.0911834,0.28021,-0.137356,-0.347494,-0.266661,-0.242443,0.163662,0.679647,0.370866,0.151694,-0.297698,-0.23096,-0.404545,0.388401,-0.37539,0.151373,-0.00478739,0.0994849,0.00384979,0.104265,-0.253032,-0.284205,-0.371562,0.0263063,0.11986,-0.426763,0.446537,-0.280065,0.0738608,-0.126287,0.235522,0.245279,-0.496926,-0.285501,-0.0465031,-0.0403815,0.175561,-0.0634164,-0.653723,0.275993,0.214761,0.228034,0.702822,0.291524,-0.0858613,-0.555225,0.467516,0.341709,-0.44702,-0.248135,0.218578,-0.188054,0.000703738,-0.530706,-0.477143,-0.0265727,-0.332199,0.193046,0.567933,-0.0613893,-0.952635,-0.0293651,-0.811374,-0.802317,0.2991,-0.391786,0.378212,0.374717,-0.0557414,0.707109,0.0971783,-0.757787,0.174219,-0.0506788,-0.28297,-0.0292303,-0.26786,-0.417647,-0.469093,-0.0889342,0.0641314,0.00948419,0.217921,-0.360646,-0.48224,0.134573,0.368457,0.223706,0.272935,-0.107014,0.141476,-0.433717,-0.345993,-0.177821,-0.271067,0.260279,0.50913,0.0438706,-0.254915,0.199937,-0.443711,-0.032907,0.12099,0.197583,-0.152001,0.518942,-0.463749,0.0696556,0.117936,-0.322235,-0.0112688,-0.591912,0.0811665,-0.841917,-0.503247,-0.129562,-0.426585,0.196133,0.619632,0.371515,-0.137502,0.489142,0.64272,-0.475206,0.885102,-0.457679,-0.149865,0.286683
0.13687,-0.233956,0.550325,0.0549753,0.414202,0.0506669,-0.0659302,0.750438,-0.0278682,-0.328256,-0.322073,0.250341,0.509585,-0.00512159,0.291425,0.306452,0.283202,0.012751,-0.36469,-0.41765,0.344556,-0.827571,0.361942,-0.227567,0.211317,0.220198,0.0849364,0.224154,-0.240517,-0.269888,-0.119226,0.0982363,0.453679,-0.0621453,-0.443166,0.11414,0.0911703,0.645956,0.456618,0.35377,-0.198657,0.0296227,-0.227227,-0.715861,0.110938,0.183619,-0.0419818,0.00191284,-1.48469,0.082634,0.534728,-0.000201704,0.014669,0.0545733,0.143927,0.104347,0.434498,-0.564286,0.514258,-0.305365,0.62934,-0.612005,0.666166,0.221295,0.657704,-0.259826,0.237294,-0.373981,0.19203,0.530674,-0.150428,-0.0178657,-0.582371,1.01608,-0.17387,0.0267415,-0.946958,-0.311117,0.420459,-0.430652,-0.430349,0.133272,-0.330892,0.426939,-0.265493,-0.0314558,0.691161,-0.163196,0.144531,1.08425,0.380171,0.712733,0.0875798,-0.325404,-0.238301,-0.0645775,0.393894,-0.570516,0.143804,0.0209811,-0.153958,0.11316,0.744433,-0.039322,-0.599578,0.387435,-0.474087,0.299958,-0.788173,0.3148,0.961638,0.795269,0.219984,0.887674,-0.890523,-0.655879,0.27899,-0.302161,0.402352,-0.164527,1.01297,-0.514836,0.156868,-0.578675,0.133055,-0.292678,-0.386827,0.0782465,0.0995482,0.321792,-0.122071,-0.330405,-0.257487,-0.229212,0.1983,0.658371,0.407446,0.147767,-0.367815,-0.236815,-0.370029,0.436206,-0.371396,0.0975758,0.0216406,0.0552574,-0.0267064,0.0941749,-0.279306,-0.229481,-0.341959,0.0121156,0.0970401,-0.428074,0.42437,-0.283177,0.112657,-0.103775,0.250758,0.219772,-0.435663,-0.321867,-0.0921941,-0.0405438,0.105676,-0.0126635,-0.572408,0.233026,0.208433,0.231092,0.670425,0.25936,-0.118021,-0.604625,0.408991,0.302401,-0.420891,-0.260463,0.173118,-0.175538,-0.0292889,-0.591574,-0.442803,-0.0488401,-0.368334,0.229068,0.625081,-0.026381,-0.857666,0.0139924,-0.759168,-0.737379,0.263907,-0.335495,0.405659,0.318896,-0.0837027,0.667563,0.0437364,-0.731233,0.171194,-0.0895878,-0.217492,0.0100139,-0.274055,-0.410098,-0.415376,-0.1144,0.107851,0.0233151,0.123974,-0.329887,-0.479695,0.174058,0.322392,0.234869,0.271941,-0.117995,0.113924,-0.417243,-0.325863,-0.18634,-0.331296,0.264962,0.489461,0.0325696,-0.292622,0.216558,-0.4082,0.0881653,0.144715,0.193763,-0.115781,0.511976,-0.438269,0.0368876,0.0778083,-0.318929,0.0592036,-0.5012,0.0752523,-0.842562,-0.557551,-0.110607,-0.428298,0.211475,0.596924,0.359328,-0.0944779,0.498938,0.643131,-0.538159,0.871244,-0.427547,-0.118496,0.258704
0.306905,-0.207052,0.568642,0.234934,0.187631,0.316908,-0.220239,0.718516,-0.166746,-0.565055,-0.0764252,0.288937,0.447496,0.0734952,0.389836,0.205694,0.349247,0.0791782,-0.28444,-0.589483,0.3646,-0.630645,0.256181,-0.157826,0.232382,0.285669,0.0253938,0.192337,-0.0895948,-0.278697,-0.341719,0.0671192,0.226391,0.0897314,-0.614649,0.0393101,0.162509,0.532074,0.279192,0.448613,0.155666,0.0571713,-0.311006,-0.465957,0.254846,0.25899,-0.0782455,0.0297623,-1.33932,0.0511609,0.640208,0.343829,-0.150693,0.0905869,0.0671432,0.121932,0.480678,-0.698579,0.630216,-0.0564788,0.41713,-0.576727,0.440892,0.0476196,0.557081,-0.328511,0.488329,-0.417456,0.321556,0.696218,-0.309434,-0.134403,-0.450448,0.871454,-0.225443,-0.0259552,-1.03686,-0.335647,0.429517,-0.882344,-0.391399,0.125453,-0.355221,0.61554,-0.352236,0.142043,0.470609,-0.425306,-0.049029,1.25751,0.208657,0.734293,-0.07702,-0.324239,-0.206705,-0.199215,0.395937,-0.852057,0.187422,-0.148203,0.0314192,-0.0141842,0.650425,0.122893,-0.604416,0.784024,-0.534482,0.0878689,-0.670449,0.24482,1.14874,1.06444,0.220363,0.970405,-0.789318,-0.658603,0.636304,-0.471511,0.19941,-0.115425,0.808857,-0.642847,0.0172542,-0.639288,0.10171,-0.308606,-0.17871,0.225108,0.158742,0.373187,-0.315508,-0.31975,-0.332561,-0.195256,0.0771144,0.566248,0.319836,0.380819,-0.324999,-0.216351,-0.218118,0.0939679,-0.635817,0.0622153,0.0331366,-0.136506,-0.028375,0.00762294,-0.418779,-0.256429,-0.270572,0.0794897,-0.0365996,-0.355872,0.338952,-0.521703,0.0892865,-0.0670407,0.183136,0.349716,-0.562984,-0.453468,-0.140406,-0.0907712,0.236002,-0.0711709,-0.4874,0.43373,0.187231,0.0992128,0.573112,0.203195,0.00279859,-0.42472,0.534028,0.394663,-0.493614,-0.231136,0.0953281,0.130131,-0.0365538,-0.5094,-0.372329,-0.103977,-0.136303,0.283269,0.613856,0.0385744,-0.829048,-0.0501033,-0.857437,-0.930191,0.144065,-0.377004,0.343864,0.311104,0.108806,0.862496,0.199035,-0.667401,0.261437,-0.283896,-0.437243,-0.226852,-0.179256,-0.358327,-0.486881,-0.225665,-0.102761,0.0891774,0.186406,-0.300458,-0.297632,0.115343,0.242152,0.0165235,-0.112494,-0.101999,0.153214,-0.485369,-0.438126,-0.0481457,-0.281939,0.279871,0.476547,-0.0544605,-0.328842,0.366167,-0.316647,-0.0494988,0.00284334,0.146038,0.0603253,0.401882,-0.623193,-0.111675,0.123872,-0.397103,0.264784,-0.381507,0.224913,-0.869847,-0.154353,-0.196011,-0.278389,0.145704,0.535184,0.322415,-0.0761467,0.747772,0.716823,-0.539929,0.833749,-0.471753,-0.339799,0.297658
0.390068,-0.0833319,0.468705,0.148263,0.254333,0.144031,-0.257235,0.653337,0.0739774,-0.249561,-0.190849,0.502204,0.577161,0.204881,0.314391,0.299319,0.372474,0.132934,-0.421815,-0.725906,0.418194,-0.821668,0.356384,0.168044,0.256205,0.415208,-0.208751,0.341328,-0.374969,-0.239726,-0.23387,0.10906,0.272315,0.22849,-0.570727,-0.041915,0.384803,0.519024,0.274735,0.57175,0.167859,0.216841,-0.295108,-0.456161,0.0312421,0.324083,-0.181199,-0.12926,-1.60185,-0.0435617,0.395497,0.355096,0.0967434,0.410039,-0.209377,0.156564,0.506566,-0.704586,0.227887,-0.230914,0.378351,-0.408715,0.647892,0.227893,0.643089,-0.114554,0.405014,-0.107165,0.259885,0.732567,-0.29187,-0.10571,-0.531285,1.19697,-0.555809,-0.233178,-1.04637,-0.166138,0.477687,-0.571736,-0.378783,0.00521592,-0.0348843,0.542165,-0.384643,0.0808448,0.613231,-0.0638281,0.079749,0.84268,0.0148648,0.732871,-0.219209,-0.363248,-0.149056,-0.325823,0.271542,-0.843594,0.339066,-0.0615172,0.125355,-0.19983,0.637706,0.221975,-0.631237,0.660638,-0.532461,-0.104517,-0.29713,0.559868,1.06956,1.08669,0.526293,0.711685,-0.740751,-0.906694,0.52985,-0.565113,0.366732,-0.0491925,0.949043,-0.62488,0.0442285,-0.834924,-0.0314282,-0.392703,-0.404116,0.181581,0.406922,0.275297,-0.235091,-0.217911,-0.34453,0.138509,0.064118,0.362319,0.514183,0.456865,-0.301645,-0.528803,-0.260026,0.268955,-0.32414,0.0222974,-0.137573,0.127064,-0.116311,-0.0307454,-0.0702705,-0.165426,-0.462681,0.0658535,0.0106877,-0.402468,0.523718,-0.286633,0.277617,0.0364189,0.383749,0.228393,-0.310016,-0.339894,-0.182136,-0.130716,0.0518683,0.315648,-0.349584,0.0532946,0.120824,0.20763,0.259287,0.0160114,0.106314,-0.602909,0.7805,0.222509,-0.416517,-0.299382,0.146288,0.201449,-0.0397733,-0.458975,-0.117246,-0.151975,-0.177941,0.134763,0.697823,0.245811,-0.858371,-0.142372,-0.875683,-0.942369,0.260724,-0.686294,0.140108,0.253431,-0.0617373,0.545219,-0.137077,-0.597235,0.242825,-0.240341,-0.51583,0.11324,-0.364516,-0.0682577,-0.494347,-0.322165,0.162468,0.287847,0.213043,-0.442575,-0.479647,-0.0705658,0.219196,0.0824485,0.0131002,-0.319022,0.174748,-0.351379,-0.479132,-0.187352,-0.0799452,0.216353,0.341596,-0.222828,-0.133605,0.294026,-0.194354,0.0582393,0.221838,0.0954127,0.200362,0.400158,-0.655609,0.177608,0.158933,-0.176796,0.068627,-0.72682,0.42332,-0.845852,-0.295943,-0.228918,-0.111174,0.317889,0.700747,-0.036147,-0.117724,0.682441,0.462653,-0.456085,0.665608,-0.334569,-0.301445,0.275583
0.399975,-0.0910067,0.514023,0.503151,0.226201,0.354526,-0.0843922,0.552207,0.10782,-0.042513,-0.107955,0.53083,0.488579,0.198423,0.298244,0.159306,0.190588,0.0905131,-0.387252,-0.431441,0.573748,-0.791759,0.328803,0.155308,0.28558,0.349879,-0.256816,0.422573,-0.487846,-0.0601638,-0.115509,-0.0116922,0.326979,-0.0106806,-0.570707,-0.0115559,0.244072,0.501774,0.486773,0.368957,0.0264998,0.308747,-0.501465,-0.386805,0.022287,0.336177,0.0922441,-0.0780834,-1.57291,-0.077708,0.332008,0.0429019,-0.0526889,0.0529634,-0.371121,0.254325,0.395089,-0.841207,0.390869,-0.0715033,0.434142,-0.586175,0.610789,0.135876,1.00472,0.0778403,0.316269,-0.172082,0.1569,0.496321,-0.302206,0.126689,-0.61612,1.19778,-0.534318,-0.441778,-0.994345,-0.102717,0.540377,-0.757804,-0.638225,0.210895,0.0926692,0.503754,-0.326739,-0.0633571,0.877458,-0.0713357,0.0452054,0.993572,0.224437,0.722967,-0.226511,-0.340495,-0.218666,-0.210783,0.318628,-0.803754,0.346585,-0.200213,0.106256,0.0887014,0.495748,0.357323,-0.565446,0.765953,-0.539003,-0.0976812,-0.260254,0.64321,1.18728,0.763281,0.513272,0.781734,-0.831232,-0.851505,0.365968,-0.40267,0.402261,-0.220027,0.840203,-0.753271,0.251625,-0.642062,-0.221601,-0.274801,-0.0595559,0.0630884,0.343796,0.0173918,0.0437182,-0.153551,-0.228162,0.0567661,-0.0758109,0.476078,0.652821,0.161269,-0.223705,-0.576192,-0.362017,0.342372,-0.380676,-0.209223,-0.0134815,0.35713,-0.0188985,0.0471819,-0.241262,-0.44903,-0.600096,0.0981431,0.138527,-0.506585,0.415608,-0.165827,0.392004,-0.0570375,0.202824,0.77557,-0.136523,-0.29942,-0.0895306,0.0533579,0.0154739,0.417692,-0.44411,0.0651507,0.0571766,0.250272,0.0934933,0.0917501,0.109897,-0.517019,0.707706,0.293369,-0.424791,-0.12119,0.2044,0.172109,-0.187459,-0.32736,-0.0331553,-0.160595,-0.108067,0.0136634,0.420866,0.175302,-0.859918,-0.0136151,-0.826502,-1.04536,0.0148386,-0.738552,0.490962,0.141005,-0.0480939,0.693024,0.0211501,-0.681676,0.197009,-0.357312,-0.526246,-0.15198,-0.531391,-0.0748194,-0.415175,-0.263537,0.244676,0.128417,0.0832424,-0.310507,-0.528243,0.16076,0.154123,0.0900964,-0.0471567,-0.31152,0.07741,-0.355973,-0.390889,-0.269946,0.150666,0.0857838,0.453016,-0.191013,0.0403775,0.329408,-0.123455,-0.234031,0.147454,0.158122,-0.115909,0.303684,-0.557987,0.190589,0.00996071,-0.199683,-0.179489,-0.552192,0.555708,-0.623312,-0.132083,-0.0838948,-0.121334,0.203587,0.777543,-0.0395304,-0.192499,0.474752,0.245695,-0.510089,0.514143,-0.525206,0.0101549,0.351416
0.24894,0.131697,0.32949,-0.0631085,0.209083,0.220092,-0.0904226,0.254861,0.237541,-0.0832504,0.0493081,0.581132,0.587335,0.0503401,0.328832,0.388011,0.142746,0.34383,-0.394285,-0.502373,0.529571,-0.912748,0.298905,0.285009,0.123636,0.407652,0.374683,0.747046,-0.41001,-0.247995,-0.171392,-0.0505173,0.30821,0.022983,-0.417441,-0.37574,0.20486,0.860457,0.0541344,0.066663,-0.056026,0.191715,-0.466759,-0.476172,0.33664,0.199049,-0.0482819,-0.0874339,-1.55092,-0.107725,0.410607,0.145933,-0.00960253,0.180086,-0.658397,0.435153,0.386217,-0.668552,0.346384,-0.25489,0.511975,-0.380698,0.528586,0.0507601,0.910424,0.127138,-0.0229131,-0.149604,0.229053,0.158055,-0.0560466,0.206178,-0.868215,1.132,-0.513992,-0.785393,-1.17266,-0.153386,0.769166,-0.855656,-0.349061,0.089367,0.0166799,0.454719,-0.395215,-0.0121009,0.689291,-0.130995,0.303755,0.912903,-0.127269,0.458581,-0.415379,-0.179338,-0.526797,-0.228461,-0.0603547,-0.743077,0.288696,-0.102596,0.373951,0.0176732,0.250071,0.161506,-0.915178,0.808046,-0.656288,0.0986834,0.0217623,0.665342,1.0587,0.675619,0.35858,0.79225,-0.751212,-0.972833,0.619058,-0.367511,0.6083,-0.0728141,1.0122,-0.533678,0.0890479,-0.865969,-0.492583,-0.282557,-0.0596536,-0.112619,0.349376,0.046055,0.111113,-0.271129,-0.260198,-0.0332572,-0.299573,0.385484,0.786193,-0.125482,-0.285819,-0.629533,-0.228059,0.480369,-0.248731,-0.259418,0.0988834,0.327371,-0.326079,0.129992,-0.0885847,-0.195994,-0.571086,0.121216,0.0757105,-0.487134,0.341356,-0.288149,0.316482,0.177932,-0.0536972,0.723676,-0.562096,-0.0445505,0.210563,-0.033999,-0.140077,0.405061,-0.358267,-0.127766,-0.225272,0.134889,0.0154145,0.0586974,0.0376922,-0.679523,0.498015,0.317058,-0.370794,-0.413453,0.319005,0.258027,0.223298,-0.285135,-0.0525599,-0.348696,-0.16302,-0.0183618,0.562606,0.445413,-0.703375,-0.230925,-0.692877,-0.961796,-0.0181259,-0.675175,0.63508,0.33225,0.0749833,0.687966,-0.194271,-0.691243,0.252316,-0.348186,-0.250657,-0.0624491,-0.187414,-0.456195,-0.302101,-0.371519,0.295214,0.331745,0.31641,-0.396862,-0.487936,-0.289488,0.30595,-0.0597374,0.199676,-0.184487,0.289832,0.090085,-0.495867,-0.00434943,0.333453,0.32011,0.0721786,-0.409761,-0.188425,0.230161,-0.199854,0.033232,0.358268,0.155318,-0.313456,0.470578,-0.5686,0.229455,-0.179785,-0.0294174,-0.131172,-0.58014,0.431716,-0.480195,-0.356059,-0.0768071,-0.0708868,0.452737,0.770523,0.149743,0.0215756,0.216369,0.144147,-0.472955,0.901212,-0.310168,0.105421,0.4268
0.273747,0.193181,0.545682,-0.0502056,0.198086,0.204195,-0.256303,0.468391,0.378781,-0.326293,-0.0104158,0.312587,0.435994,0.0136693,0.308024,0.451708,0.137186,0.0498109,-0.209335,-0.558609,0.136768,-0.807084,0.339499,0.371933,-0.153259,0.38299,0.361131,0.714536,-0.195992,-0.0630413,-0.317149,0.105475,0.278877,-0.0146201,-0.188225,-0.406762,-0.115913,0.801246,0.146692,0.20672,-0.168508,0.132103,-0.403479,-0.598606,0.26845,0.198654,-0.348602,-0.107285,-1.15405,0.305489,0.136579,0.101609,-0.143422,0.175972,-0.26765,0.0787435,0.403172,-0.516828,0.190595,-0.406859,0.372848,-0.479442,0.747546,0.123695,0.795328,-0.172065,0.265365,-0.0901644,0.249455,0.109527,0.275227,0.137028,-0.816585,1.0986,-0.461569,-0.505745,-0.932421,-0.342245,0.597428,-0.776675,-0.0938606,-0.0206797,0.182034,0.347091,-0.355306,0.0340098,0.36685,-0.0741017,0.0539775,1.04171,0.0317291,0.444813,-0.195833,-0.184849,-0.422878,-0.165971,0.203526,-0.57875,0.228623,-0.218781,0.500428,-0.0166003,0.250729,0.182232,-0.984465,0.529006,-0.602019,0.220222,-0.375187,0.508416,1.07168,0.859949,0.115429,0.806952,-0.767721,-1.44247,0.597361,-0.366136,0.348874,0.021369,0.698795,-0.502163,0.00780623,-0.796624,-0.332602,0.281122,-0.270612,-0.492047,0.503136,0.159578,0.0219302,-0.271071,-0.512461,-0.205086,-0.246133,0.346995,0.663869,-0.0330184,-0.168837,-0.792809,-0.310938,0.253791,0.0108716,-0.225259,0.257235,0.308835,-0.412969,0.417142,-0.260289,-0.299712,-0.694368,0.432476,-0.0556727,-0.291611,0.260716,-0.276391,0.550978,0.051911,0.0087955,0.203557,-0.642484,0.124898,-0.189874,0.108024,0.130466,0.26433,-0.66126,0.119503,-0.0839144,0.199729,0.258358,0.120663,0.150368,-0.487451,0.694366,0.308302,-0.551598,-0.212433,0.139149,-0.0477114,0.00550116,-0.0119218,-0.195982,-0.227386,-0.0940363,0.162444,0.234194,0.390617,-0.746915,-0.306068,-0.575512,-0.934824,0.198266,-0.870173,0.70619,0.422793,0.0907274,0.547318,-0.113284,-0.621337,0.264665,-0.138949,-0.370218,0.194358,0.0587734,-0.504558,-0.617678,-0.21222,-0.133046,0.0485527,0.463703,-0.695416,-0.184899,-0.2245,0.213217,-0.0739139,0.140455,-0.0184645,0.187315,0.0649055,-0.357861,0.130527,0.391965,0.0784119,0.232808,-0.40774,-0.307098,-0.000446474,-0.0961001,0.157842,0.222424,0.423627,-0.191533,0.314382,-0.77951,0.32198,0.0187939,0.0766739,-0.395043,-0.330512,0.155909,-0.450338,-0.287208,-0.246633,-0.162843,0.209531,0.526651,-0.23138,0.0837992,0.445894,0.638764,-0.513229,0.991521,-0.538264,-0.0219992,0.364217
0.239936,0.228633,0.532637,-0.0721428,0.135335,0.217869,-0.267415,0.534973,0.358021,-0.360498,-0.0621293,0.304996,0.38906,-0.0313573,0.257452,0.462246,0.182953,0.100879,-0.207382,-0.57606,0.155564,-0.805596,0.354883,0.369515,-0.1147,0.400794,0.328761,0.650486,-0.164023,-0.130357,-0.31337,0.164026,0.278852,-0.019116,-0.202079,-0.360216,-0.128558,0.772388,0.151477,0.210213,-0.202322,0.103832,-0.416853,-0.642557,0.266782,0.21519,-0.386904,-0.156926,-1.16573,0.288492,0.161744,0.11521,-0.200791,0.203611,-0.25755,0.0816742,0.4231,-0.577629,0.246244,-0.398368,0.345488,-0.506844,0.736806,0.0912034,0.766698,-0.19053,0.212431,-0.0696685,0.265346,0.167141,0.287012,0.157117,-0.871629,1.09658,-0.486638,-0.511987,-0.919392,-0.303225,0.587851,-0.783351,-0.149522,-0.0201548,0.178855,0.371495,-0.352777,0.059414,0.327118,-0.054985,0.0157991,1.05525,0.0641826,0.419592,-0.191053,-0.195516,-0.469426,-0.151382,0.23814,-0.54931,0.224546,-0.240587,0.504199,-0.0622085,0.275446,0.201164,-0.966067,0.487624,-0.610257,0.179172,-0.35417,0.501226,1.09064,0.820349,0.148651,0.760271,-0.771426,-1.44631,0.60537,-0.36835,0.344697,0.00254272,0.603989,-0.446456,0.0335629,-0.765428,-0.348287,0.270943,-0.266739,-0.487461,0.526126,0.120162,0.0351584,-0.277476,-0.498476,-0.25912,-0.256825,0.3764,0.664216,-0.0107764,-0.225443,-0.794315,-0.296311,0.20855,0.0215298,-0.115397,0.230859,0.30353,-0.418685,0.384411,-0.245433,-0.334769,-0.701836,0.43218,-0.00216714,-0.309044,0.239897,-0.240186,0.54054,0.0225908,0.0271652,0.2229,-0.619455,0.158839,-0.199339,0.0984978,0.14542,0.280547,-0.645023,0.138794,-0.0764596,0.195574,0.283542,0.154912,0.109505,-0.476966,0.663388,0.304302,-0.571827,-0.194771,0.141988,-0.0385367,0.0171097,-0.0730266,-0.208163,-0.27362,-0.0573305,0.196485,0.200475,0.363663,-0.738694,-0.309352,-0.620342,-0.961719,0.170066,-0.888878,0.638568,0.409071,0.0564893,0.522696,-0.104556,-0.579058,0.257247,-0.147527,-0.32823,0.209586,0.0744651,-0.478612,-0.589777,-0.266728,-0.17443,0.0297789,0.452278,-0.689207,-0.188153,-0.21981,0.21095,-0.0791422,0.130165,-0.0259949,0.165563,0.00999175,-0.333971,0.129548,0.385468,0.0950636,0.262332,-0.393457,-0.314324,-0.0043954,-0.110251,0.0961377,0.183062,0.381094,-0.190909,0.319048,-0.774633,0.296963,0.0343743,0.0609529,-0.352034,-0.319369,0.16827,-0.444792,-0.274042,-0.263852,-0.100283,0.275977,0.560807,-0.179772,0.100737,0.472375,0.618875,-0.516062,0.996626,-0.63852,0.00595653,0.367956
0.331559,0.186457,0.435889,-0.139022,0.313439,0.235286,-0.311749,0.638213,0.357868,-0.466191,-0.0649039,-0.0660747,0.224794,0.0838047,0.135861,0.575816,0.294556,0.169745,0.0762087,-0.499682,0.137286,-0.551703,0.272033,0.191895,-0.138148,0.541957,0.105639,0.706744,-0.170907,-0.074623,-0.278132,0.296324,0.412101,-0.104829,-0.277516,-0.135371,0.0818878,0.589721,0.307406,0.178705,-0.371843,0.0594316,-0.206442,-0.567869,0.496408,0.359418,-0.0168834,-0.164378,-1.02557,0.208833,0.198956,0.17859,-0.0893865,0.0223273,-0.107671,0.208008,0.0445083,-0.581549,0.317397,-0.295082,0.508024,-0.276899,0.568562,0.12793,0.877146,-0.014186,0.186954,0.0785989,0.300435,-0.101365,-0.293547,0.258496,-0.81734,0.972211,-0.404555,-0.434349,-0.918938,-0.382937,0.577553,-0.55852,-0.173075,0.0677683,0.0855841,0.310134,-0.332114,-0.15075,0.364809,-0.0267812,-0.197775,1.02882,0.0678987,0.450438,-0.243463,-0.064997,-0.636768,0.0692235,0.130381,-0.502884,-0.0640117,-0.125141,0.176751,-0.07146,0.0684384,0.178561,-0.933998,0.324303,-0.514027,0.183611,-0.0876791,0.383372,0.805981,0.57476,0.0302161,0.850851,-0.617036,-1.32351,0.688235,-0.458092,0.516794,0.0577789,0.591273,-0.445429,0.055887,-0.488788,-0.187575,0.379484,-0.218876,-0.316937,0.404819,0.133361,0.0863457,-0.386723,-0.420148,-0.289678,-0.293834,0.505878,0.274001,-0.0638337,0.0269156,-0.693208,-0.255619,0.469979,0.0787232,0.247913,0.12333,0.295753,-0.155009,0.0973971,-0.280101,-0.116273,-0.568984,0.336254,0.222181,-0.327427,-0.0241476,-0.125761,0.562252,-0.117649,0.201047,0.313576,-0.465173,-0.199957,-0.115344,0.00361917,0.0622016,0.225648,-0.513121,0.117783,-0.0101953,0.148076,0.392433,0.0234342,-0.0211473,-0.671654,0.62878,0.352794,-0.550753,0.10306,0.173267,0.0409016,-0.0669337,0.0666558,-0.23894,-0.0861421,-0.115579,0.161234,-0.0823978,0.241692,-0.86077,-0.160378,-0.329288,-1.06469,0.0112255,-0.687075,0.803723,0.524179,-0.0625158,0.505145,-0.19282,-0.702452,0.110627,-0.0811575,-0.159709,0.311083,0.0396656,-0.572554,-0.710171,-0.340116,-0.318999,-0.0852963,0.194187,-0.773419,-0.410414,-0.106569,0.195691,0.146331,0.454938,-0.204056,0.0974813,0.034379,-0.302122,-0.0184621,0.103439,0.0411408,0.133171,-0.202477,-0.393899,0.0672777,0.01975,0.0227613,0.17362,0.0797796,-0.109225,0.17467,-0.66591,0.381342,0.343026,-0.121113,-0.482324,-0.397257,0.357955,-0.338283,-0.38457,-0.0389081,-0.00903139,0.177962,0.379261,0.0250808,0.111659,0.553064,0.433654,-0.522702,0.720684,-0.599959,0.035791,0.351573
-0.0537537,0.210477,0.244455,0.302287,0.106453,0.00707948,-0.556105,0.782853,0.453186,-0.357377,-0.0542626,0.193816,0.260671,-0.124557,0.190682,0.689215,0.000272813,0.175524,-0.17321,-0.700538,0.0407399,-0.563598,0.225267,0.280628,0.0547536,0.648018,0.155205,0.528189,-0.163713,-0.0886533,-0.0745053,0.470952,0.315116,0.162339,-0.211329,0.080449,0.346142,0.565653,0.283213,0.204307,-0.566542,-0.246483,-0.35564,-0.256328,0.443666,0.435768,0.159826,0.0332345,-1.06432,0.360319,0.111385,-0.0650726,0.16471,0.220969,-0.0818336,0.368994,-0.161118,-0.634918,0.100759,-0.153441,0.213054,-0.279292,0.699919,0.0938899,0.926178,0.388302,0.180928,0.0351361,0.377828,-0.0176695,-0.464301,0.152439,-0.894639,1.02183,-0.341095,-0.231077,-0.915243,-0.289808,0.490104,-0.547079,-0.18014,-0.259797,-0.143378,-0.0578782,-0.321277,-0.40262,0.297366,-0.382067,0.0267188,0.974636,-0.106122,0.762738,-0.330403,-0.234299,-0.640642,0.244276,-0.0670233,-0.600198,-0.0943023,0.278719,-0.239311,-0.0611967,0.105553,0.241229,-0.927382,0.397414,-0.552146,0.451336,0.0865541,0.0602254,0.404574,0.230967,0.209023,0.948072,-0.689843,-0.911135,0.739566,-0.509559,0.42901,0.0656732,0.775467,-0.0715616,0.292301,-0.697534,-0.493082,0.259934,-0.156715,-0.42409,0.285931,0.0112068,0.0404798,-0.35848,-0.021573,0.0138793,-0.269799,0.697368,0.403271,-0.0724983,-0.195347,-0.551328,-0.319532,0.75269,-0.0270139,0.506333,0.0587444,0.377668,-0.503847,0.183589,-0.341089,-0.00491627,-0.718702,0.443326,0.405477,-0.531371,0.236642,-0.38432,0.184901,0.169392,0.345452,0.579075,-0.535053,-0.217836,-0.100765,-0.0298626,-0.105553,-0.0824793,-0.643356,0.0410645,-0.0124896,0.198948,0.313309,-0.198776,-0.254316,-0.495174,0.52718,0.098717,-0.576575,0.0330126,0.298879,-0.178172,-0.179791,-0.0261765,-0.132037,-0.150684,-0.336155,0.0720689,-0.262157,0.455572,-1.12588,0.00887294,-0.00634528,-1.19486,0.377078,-0.766467,0.622712,0.605534,0.0968388,0.371529,-0.0804218,-0.796766,-0.268021,-0.0668386,-0.229795,0.279288,0.143616,-0.698592,-0.359431,0.0619805,-0.45418,-0.0802683,0.254185,-0.647986,-0.546325,-0.0212123,0.276094,0.0439344,0.467016,-0.204229,-0.331692,0.346097,-0.361325,0.396858,0.218158,0.186801,0.531374,0.0664707,-0.0903008,0.159383,0.0716596,0.359631,0.0371968,-0.00658204,0.0896464,0.606937,-0.421566,0.464213,0.117399,-0.0181827,-0.396369,-0.391772,0.398994,-0.125125,-0.781264,0.0789705,-0.0772016,0.372584,0.239811,-0.0863648,-0.00179114,0.261522,0.514809,-0.653158,0.69661,-0.391801,-0.291877,0.240763
-0.187312,0.344947,0.329042,0.00778739,0.0335692,0.20318,-0.505395,0.589704,0.2192,-0.36743,-0.0815903,0.101107,0.18489,-0.235533,0.388978,0.514309,0.0728413,0.0593915,-0.0514775,-0.639715,0.0804643,-0.509447,0.355725,0.336969,0.0994171,0.614665,0.193535,0.520158,-0.138258,-0.169146,-0.192534,0.473882,0.269361,0.247474,-0.0642412,0.0501001,0.0867877,0.565388,0.130911,0.015748,-0.406416,-0.259357,-0.38152,-0.156402,0.348622,0.372763,0.160897,0.0829242,-1.16783,0.383022,-0.0427875,0.0604431,-0.0256854,0.248025,-0.284931,0.486702,-0.0265643,-0.668472,0.120057,-0.0797304,0.284073,-0.562396,0.788809,0.292137,0.699727,0.208827,0.160955,0.0333461,0.195253,-0.109555,-0.470596,0.0805828,-0.682363,1.01268,-0.421339,-0.459045,-0.896312,-0.337782,0.760444,-0.518191,-0.176883,-0.341294,-0.0664034,0.0765317,-0.0887282,-0.140612,0.162166,-0.232516,0.279965,0.936193,-0.135925,0.635849,-0.391758,-0.271012,-0.586451,0.10259,0.175338,-0.56565,-0.0351501,-0.0400641,-0.0629804,-0.042492,0.0210932,0.249942,-0.850573,0.595809,-0.762036,0.467676,-0.0311227,0.164272,0.170982,0.37741,0.15793,0.865272,-0.724968,-0.682468,0.739307,-0.52587,0.424436,-0.115033,0.740767,-0.285147,0.293414,-0.74689,-0.48126,0.264569,-0.1571,-0.4198,0.316573,0.0526195,0.163956,-0.467648,-0.151969,0.0351998,-0.282129,0.498749,0.59345,0.110487,-0.240342,-0.550274,-0.231453,0.609598,-0.0663508,0.177981,0.139911,0.394145,-0.67796,-0.0279297,-0.0611558,0.14668,-0.716091,0.295185,0.384205,-0.347937,0.0907639,-0.413343,0.393332,0.195502,0.373165,0.411289,-0.568151,-0.166689,-0.0599693,0.0324162,-0.144974,-0.0772959,-0.556068,-0.0613368,-0.0946561,0.282356,0.26336,-0.117405,-0.0602917,-0.657756,0.582236,0.207643,-0.443313,-0.0476603,0.253317,-0.260144,-0.38552,0.00451608,-0.306041,-0.278805,-0.263667,0.0162941,-0.0682089,0.433259,-0.811483,-0.0759683,-0.19903,-0.957282,0.299152,-0.732594,0.530115,0.733344,0.0319971,0.36271,0.0741868,-0.711196,-0.235568,-0.0418305,-0.186599,0.536375,0.141438,-0.848347,-0.302228,-0.0283305,-0.364171,-0.299411,0.164295,-0.739522,-0.39686,0.0432119,0.17888,0.203655,0.512342,-0.0739333,-0.0636461,0.150115,-0.422865,0.413151,0.044616,0.0542736,0.518485,-0.0860826,-0.0647374,0.0504014,0.165946,0.464633,0.324158,0.189412,-0.059431,0.581186,-0.260084,0.307144,-0.132719,0.00465021,-0.356638,-0.327383,0.289096,-0.299967,-0.60056,0.0726378,-0.150195,0.418754,0.154886,-0.224496,-0.143033,0.287538,0.613595,-0.687822,0.572596,-0.0469214,-0.337305,0.340692
-0.178873,0.269374,0.348808,0.187509,0.0759353,0.296323,-0.527252,0.571524,0.199977,-0.0814702,-0.188886,0.261838,0.194207,-0.143878,0.522345,0.504063,0.00445068,0.125421,-0.167528,-0.50148,0.0703407,-0.451138,0.530418,0.367885,0.241043,0.43643,0.296659,0.535823,-0.0676256,-0.342216,-0.222322,0.466803,0.21647,0.0490906,-0.0589934,0.0809014,0.127795,0.644283,0.276739,-0.117617,-0.411881,-0.215193,-0.462356,-0.245241,0.364239,0.225491,0.0310057,0.296515,-1.12921,0.364787,-0.0601665,-0.0430531,-0.0400227,0.0726544,-0.0926811,0.569951,0.0210399,-0.64831,0.191078,-0.133608,0.368279,-0.580525,0.530478,0.363235,0.939446,0.452354,0.185247,0.0952462,0.14728,-0.0280452,-0.502491,0.158576,-0.539023,1.02871,-0.439039,-0.586149,-0.847658,-0.0415001,0.526098,-0.631852,-0.164315,-0.535766,-0.206981,-0.184511,-0.17818,-0.270766,0.123897,-0.206833,0.252872,0.873256,-0.294824,0.908611,-0.418348,-0.160773,-0.715336,0.0613288,0.201618,-0.579881,-0.0728015,0.125011,-0.111918,-0.115158,-0.0520279,0.00607758,-0.87647,0.578362,-0.649191,0.536182,0.0538259,0.0643885,0.205361,0.0549846,0.448879,0.708666,-0.870287,-0.38425,0.497659,-0.614673,0.558416,-0.107933,0.885658,-0.295229,0.353587,-0.724639,-0.682864,0.450976,-0.171736,-0.595125,0.431952,-0.0312663,0.197867,-0.47616,-0.0748186,0.015152,-0.0781649,0.642695,0.407138,0.0238857,-0.349111,-0.443131,-0.275727,0.633329,-0.167051,0.201863,0.27041,0.44338,-0.512222,-0.0239111,-0.162856,-0.0160875,-0.672641,0.226283,0.374825,-0.224586,0.160402,-0.214106,0.246046,0.237776,0.292682,0.668359,-0.67417,-0.21784,0.0291619,0.0267924,-0.261332,-0.0754341,-0.526656,-0.0833165,-0.0289481,0.23138,0.31354,-0.301366,-0.310928,-0.508424,0.521939,0.0986627,-0.333295,-0.0291852,0.267213,-0.308177,-0.482617,-0.0152214,-0.259003,-0.253832,-0.314686,-0.0590278,-0.0869823,0.377625,-0.844715,-0.013768,-0.174909,-0.947421,0.292725,-0.502192,0.519097,0.570938,0.0942299,0.292939,-0.0462054,-0.651437,-0.255608,-0.111164,-0.20462,0.333548,0.0544215,-0.716138,-0.116401,-0.177654,-0.284496,0.213338,0.00627687,-0.772747,-0.541618,0.125975,0.351083,0.20209,0.532771,-0.118341,0.0289802,0.238055,-0.4294,0.32088,0.0358406,-0.0309778,0.668548,-0.0314428,-0.247803,0.187832,0.179542,0.4762,0.161527,0.151573,-0.0291819,0.416329,-0.248192,0.330925,-0.143413,0.0403854,-0.450767,-0.17205,0.24193,-0.204245,-0.720489,0.050244,-0.144583,0.651731,0.146588,-0.268517,0.0785589,0.364331,0.494803,-0.703877,0.533197,0.0105112,-0.264504,0.3274
0.16103,0.35017,0.271538,0.227579,0.275314,0.0455196,-0.295576,0.747728,0.222733,-0.0970973,0.128467,0.574608,0.306129,-0.00911287,0.336419,0.561417,0.0894546,0.0448513,-0.0517347,-0.529723,-0.1605,-0.202638,0.536757,0.503975,0.432846,0.621545,0.303933,0.26238,0.0435183,-0.306574,-0.336231,0.575756,0.437866,0.263856,-0.155994,-0.0504937,0.28879,0.671668,0.102734,-0.238065,0.017678,-0.206073,-0.265173,-0.523284,0.135001,-0.252409,-0.226388,-0.110123,-1.22935,-0.098097,0.158388,-0.0111764,-0.0127649,-0.0514649,-0.119866,0.667215,0.100118,-0.346244,0.149271,0.11921,0.538878,-0.33727,0.616324,0.156055,1.05392,0.501166,0.274465,0.143085,0.203418,-0.0341589,-0.469141,-0.0817822,-0.562141,0.960506,-0.623945,-0.633046,-0.724507,-0.113497,0.33646,-0.570017,-0.265126,-0.369841,0.123765,-0.074035,-0.525715,-0.16269,-0.03666,-0.413863,0.274757,0.884138,-0.10426,0.776136,-0.511502,-0.411174,-0.465142,-0.293294,0.147373,-0.526354,0.0491733,0.125619,-0.29492,0.142459,0.00602243,0.132056,-0.312103,0.554829,-0.552736,0.428947,-0.107317,0.0608216,0.556223,0.195918,0.296159,0.29657,-0.448674,-0.409014,0.672794,-0.493871,0.3882,0.110274,0.522397,-0.430535,-0.0473765,-0.502951,-0.475264,0.169312,0.153481,-0.538989,0.635109,-0.0570168,-0.0470867,-0.378193,0.00138019,0.22137,-0.323943,0.445882,0.175842,0.165929,-0.277536,-0.285346,-0.277963,0.384502,-0.147371,0.0294119,0.462009,0.42937,-0.350705,-0.0844266,-0.0380583,0.225044,-0.511303,-0.152999,0.383339,-0.466207,0.082955,-0.2909,0.186711,0.234531,0.548347,0.592192,-0.949733,-0.322602,-0.217306,-0.0954503,0.233536,-0.209318,-0.414111,-0.0571786,0.070851,0.126371,0.322059,-0.303023,-0.478675,-0.253093,0.791167,0.204717,-0.173135,0.272052,0.175203,-0.447359,-0.130621,-0.348446,-0.108708,-0.0879272,-0.22226,0.171007,-0.550341,0.443053,-0.86275,-0.281901,-0.0653064,-0.890091,0.66402,-0.573446,0.319954,0.517859,0.164332,0.424468,-0.184461,-0.501095,-0.487256,-0.117492,-0.282748,0.0938568,-0.159676,-0.784173,-0.0812692,-0.00943074,-0.0391638,-0.142088,0.205079,-0.770201,-0.648708,0.130187,0.517072,0.0358763,0.478724,-0.307707,0.0451538,0.255373,-0.294886,0.283334,0.085381,-0.177251,0.488769,-0.0570727,-0.0106407,0.140363,-0.0880591,0.0613022,0.288733,-0.0368365,-0.244469,0.00359824,-0.207213,0.412636,-0.215741,-0.0349984,-0.396715,-0.447732,0.376615,-0.514813,-0.685385,-0.0756722,-0.287895,0.664183,0.167039,-0.170759,-0.0448156,0.20582,0.674799,-0.366009,0.688683,0.373442,-0.432538,0.293548
-0.0225126,0.41814,0.260367,0.0487987,-0.0474947,-0.04935,-0.349172,0.793387,0.3041,0.0322131,0.0660475,0.46443,0.410671,-0.0219862,0.702252,0.495771,0.154626,0.166031,-0.295317,-0.413692,-0.317867,-0.0894852,0.629078,0.675298,0.514175,0.940889,0.285541,0.110649,0.046907,-0.339454,-0.321969,0.184468,0.408578,0.302935,-0.0204544,-0.0599726,0.302466,0.563252,-0.0439529,-0.277442,0.00891616,-0.0614002,-0.0436999,-0.83691,0.179073,-0.557407,-0.280647,-0.248105,-0.981847,0.0982902,0.53007,0.127192,-0.178781,-0.137009,0.418893,0.721845,-0.130941,0.121878,0.320341,0.0854627,0.40982,-0.0723606,0.430081,-0.056272,1.10661,0.497808,0.0553123,0.136739,0.0861878,-0.539337,-0.228014,-0.169659,-0.581036,0.853376,-0.66308,-0.405275,-0.451192,0.209909,-0.160123,-0.344253,0.00611333,-0.239606,0.205616,-0.177222,-0.284979,-0.107319,-0.0729248,-0.55219,0.578253,0.592122,0.196439,0.885233,-0.164795,-0.515394,-0.431297,-0.521808,-0.0379638,-0.71286,-0.321991,0.141474,-0.364559,0.35954,0.17628,-0.0986374,-0.230143,0.476679,-0.538851,0.475123,-0.170965,0.228696,0.571614,0.375234,-0.0864305,0.408144,-0.304426,-0.336049,0.656236,-0.471778,0.372438,0.420508,0.409602,-0.155465,0.0682395,-0.234255,-0.091986,0.164663,0.141314,-0.59754,0.149214,-0.0486011,-0.0361667,0.278254,0.199913,0.381958,-0.289425,0.187227,-0.0250731,0.607375,-0.150164,0.0260061,-0.208036,0.205161,-0.232459,-0.245345,-0.0225881,0.35332,0.0804737,-0.155119,-0.297813,-0.0796783,-0.0794559,-0.141971,0.265305,-0.30349,0.186859,-0.388764,0.000827688,0.355296,0.40285,0.603956,-0.459256,-0.401498,-0.410025,0.134505,0.188234,-0.0285643,0.0533148,-0.195402,0.288338,0.156449,0.447216,-0.499259,-0.383361,0.139549,0.634903,0.120373,-0.0476168,0.314772,0.188444,-0.526664,-0.322496,-0.52017,-0.179739,-0.192837,-0.0443957,0.285743,-0.328824,0.497282,-0.287356,-0.063805,0.134043,-0.849691,0.650957,-0.224444,0.195822,0.423657,0.0528211,0.414494,-0.38881,-0.356689,-0.468218,-0.1412,-0.100045,-0.22673,-0.0666531,-0.473214,-0.109895,0.0877283,0.129782,-0.494761,0.143518,-0.738988,-0.434286,0.187671,0.462148,-0.20581,-0.0230961,-0.142322,-0.32497,0.284094,-0.465284,0.28942,0.383695,-0.0893927,0.433877,0.198775,0.0143165,0.240173,-0.231194,0.000536955,0.166397,-0.303775,-0.465199,-0.101756,0.0167872,0.349308,-0.00912723,-0.102404,-0.278758,-0.516845,0.464052,-0.655699,-0.742522,-0.179633,-0.344991,0.777573,0.0915689,-0.285372,-0.129388,-0.196088,0.445178,-0.342978,0.506908,0.451487,-0.24229,-0.103848
0.0120464,0.493981,0.148056,0.0652735,-0.0691896,-0.01601,-0.211379,0.719418,0.270015,0.0682666,0.0310545,0.470601,0.491409,0.0451319,0.60885,0.495432,0.140495,0.106181,-0.347894,-0.421842,-0.259241,-0.107208,0.579191,0.732902,0.502275,0.803631,0.370978,0.175645,0.109592,-0.271993,-0.300047,0.18206,0.37401,0.297082,-0.0724547,-0.0416684,0.335192,0.461606,0.0231734,-0.210198,0.0168627,-0.0822269,-0.0906365,-0.819215,0.251501,-0.538816,-0.268624,-0.143205,-0.843713,0.156184,0.480848,0.0968039,-0.143475,-0.148907,0.467391,0.773668,-0.263815,0.228183,0.290037,0.172957,0.489536,-0.1606,0.330872,-0.0578206,1.22212,0.570047,0.0507073,0.12793,0.105515,-0.614284,-0.177052,-0.0956211,-0.511333,0.838913,-0.634515,-0.44897,-0.347996,0.186933,-0.283259,-0.404607,0.0586397,-0.12245,0.215438,-0.221681,-0.212335,-0.14857,0.00670441,-0.572995,0.441312,0.492453,0.19216,0.804581,-0.214743,-0.479906,-0.467077,-0.49198,-0.0217914,-0.787882,-0.359531,0.170996,-0.381419,0.31423,0.209727,-0.0473527,-0.242492,0.335709,-0.430603,0.466844,-0.161821,0.209025,0.547979,0.362619,-0.158339,0.296253,-0.257448,-0.351866,0.568286,-0.51797,0.385038,0.408716,0.358273,-0.112876,0.0238474,-0.227858,-0.0773247,0.0505506,0.192389,-0.601301,0.165632,0.0737751,0.0286632,0.225493,0.158785,0.463992,-0.285098,0.134117,-0.0332814,0.498126,-0.136353,0.0994618,-0.15608,0.1459,-0.22346,-0.136486,-0.116725,0.347103,0.134556,-0.0774458,-0.318327,-0.0772152,-0.0756233,-0.0866067,0.259145,-0.263508,0.205533,-0.42035,0.0156048,0.410735,0.334681,0.604321,-0.406229,-0.328296,-0.448847,0.227912,0.180601,-0.000282877,0.00401322,-0.195529,0.233458,0.108892,0.463027,-0.563511,-0.389058,0.216505,0.614191,-0.00115342,0.0197578,0.361812,0.250571,-0.517162,-0.404142,-0.478893,-0.230683,-0.0734578,0.000853065,0.310573,-0.390367,0.376626,-0.292293,-0.0356221,0.150248,-0.76842,0.588039,-0.197422,0.224989,0.412758,-0.0872419,0.428392,-0.420772,-0.311568,-0.520567,-0.0398883,-0.168976,-0.225452,-0.0711672,-0.313201,-0.0834097,0.0311329,0.0978967,-0.378567,0.102301,-0.705722,-0.369178,0.213014,0.497611,-0.248144,-0.00375876,-0.0786258,-0.39917,0.287412,-0.449065,0.261579,0.363293,-0.101147,0.411757,0.124935,-0.0640131,0.307095,-0.197573,-0.0287966,0.185191,-0.330486,-0.45381,-0.0900574,-0.050338,0.312194,-0.0659222,-0.0757144,-0.360319,-0.506456,0.484049,-0.606499,-0.696545,-0.265671,-0.349676,0.692432,0.12509,-0.168112,-0.182136,-0.207731,0.443739,-0.428275,0.553192,0.412203,-0.226287,-0.104928
0.0138096,0.098018,0.345195,-0.14885,-0.0262278,0.189566,-0.372065,0.611016,0.164015,0.0486041,0.118377,0.470265,0.260383,0.0127756,0.894561,0.454988,0.199669,0.509895,-0.221422,-0.532178,-0.37344,-0.250974,0.298149,0.486785,0.296302,1.06703,0.617261,0.364012,0.209429,-0.00664264,-0.52328,0.263958,0.560492,0.439422,-0.232102,-0.169945,0.257506,0.335088,0.0274195,-0.203735,0.0774259,0.00285703,0.240728,-0.460851,0.403984,-0.293981,-0.297416,-0.236804,-0.708973,-0.106614,0.424559,0.278489,-0.0995157,-0.0329684,-0.147758,0.569371,0.0687791,-0.337933,0.481555,-0.125496,0.640572,-0.00486129,0.29438,0.13793,1.15592,0.345004,0.249372,-0.0560292,0.0693109,0.109208,-0.587426,-0.360945,-0.737774,0.731036,-0.509055,-0.281329,-0.448077,0.364916,0.239435,-0.616989,-0.203169,-0.331259,0.0497766,0.0318621,-0.524814,0.107341,-0.145923,-0.560396,0.623811,0.807559,-0.0832003,1.05984,-0.0208143,-0.264102,-0.343102,-0.523177,-0.243681,-0.759478,-0.327781,0.252768,-0.0540488,0.206758,0.00759136,-0.192738,-0.369634,0.538558,-0.590253,0.447532,-0.152684,0.395599,0.416446,0.434832,-0.0602079,0.521202,-0.311819,-0.481843,0.722088,-0.363973,0.298884,0.480777,0.591186,-0.132415,-0.215263,-0.389793,-0.204553,0.237873,0.287977,-0.123868,0.332579,0.0484162,-0.286116,0.152484,0.166233,0.0994259,-0.136448,0.194663,0.373189,0.494739,0.0182201,-0.0105566,-0.100517,0.585835,-0.347258,-0.273518,0.083647,0.356326,-0.162246,-0.35221,-0.158057,0.12974,-0.325965,-0.25194,0.300071,-0.279477,0.237023,-0.619679,0.0966238,0.162506,0.553592,0.387041,-0.843341,-0.59197,-0.157221,-0.0789817,0.0613167,-0.119738,0.13239,-0.157081,0.0822826,0.0717072,0.236226,-0.273979,-0.313142,-0.119032,0.750942,0.439354,0.148219,0.200852,-0.0530957,-0.394974,0.0190852,-0.490607,-0.304554,-0.138933,-0.177316,0.0801489,-0.286472,0.513982,-0.536505,-0.269242,-0.0837374,-0.807868,0.489058,-0.185486,0.184802,0.491454,0.179812,0.262246,-0.457929,-0.487399,-0.587882,-0.394152,-0.313232,0.00519822,-0.208477,-1.08584,0.0659638,0.194106,0.0664034,-0.380108,0.0468836,-0.749664,-0.427922,-0.103754,0.140173,-0.0548692,0.0369158,-0.418802,-0.166411,0.260806,-0.623415,0.358155,0.162886,-0.136666,0.522325,0.0283751,-0.0240901,0.146183,-0.18232,-0.0193414,0.145392,-0.117302,-0.10502,0.277397,0.111846,0.295209,0.0951029,0.120043,-0.345824,-0.437059,0.330695,-0.596661,-0.590758,0.024721,-0.404088,0.778469,-0.0925823,-0.231629,-0.186683,-0.00259185,0.673058,-0.207894,0.3364,0.263416,-0.127491,0.312678
-0.125506,0.199861,0.448649,-0.0410956,-0.130631,0.171879,-0.0100009,0.63248,0.15973,-0.149828,-0.0311367,0.271294,0.604512,-0.0245215,0.293007,0.36062,0.0209094,0.348963,-0.074182,-0.701198,-0.229041,-0.0173876,0.434003,0.470331,0.447801,0.811148,0.520977,0.538921,-0.0165324,0.0606883,-0.638394,0.290327,0.299958,0.284246,-0.137104,-0.430525,0.201876,0.0215814,0.249895,0.06642,-0.0459469,-0.111656,-0.0412951,-0.371269,0.39636,-0.165013,-0.260892,-0.24653,-0.974763,0.130625,0.382873,0.0143447,0.136935,0.11413,-0.0027697,0.658667,-0.0622068,-0.510944,0.25615,-0.215407,0.476065,0.122448,0.128055,0.123647,1.40811,0.22931,0.393435,-0.0367896,-0.0690624,-0.150736,-0.548071,-0.250043,-0.748452,0.706243,-0.475351,-0.57944,-0.613923,-0.0230658,0.266123,-0.626366,-0.205912,-0.0160191,-0.0329415,-0.0110839,-0.601995,-0.130363,-0.616344,-0.56757,0.829562,0.770336,-0.205515,0.776812,-0.250154,-0.495694,-0.0499505,-0.342634,-0.201311,-0.590377,-0.379354,0.368261,-0.0868574,-0.0180386,0.158641,0.051208,-0.470247,0.582807,-0.410696,0.480097,-0.135978,0.318717,0.234514,0.464738,0.114536,0.519639,-0.227431,-0.650925,0.733462,-0.31864,0.463676,0.443773,0.775721,-0.153629,0.248611,-0.391925,-0.46011,0.492496,-0.17322,-0.314566,0.428926,0.0608764,-0.223855,0.179914,-0.0142357,0.444608,-0.414346,0.413743,0.252025,0.062833,-0.00964532,-0.511733,-0.0147131,0.388084,-0.106639,-0.144117,0.246585,0.585364,-0.244114,-0.273569,-0.254493,0.120324,0.0263355,-0.117289,0.328775,-0.376617,0.399297,-0.661871,0.379983,0.123564,0.421591,0.418032,-0.848502,-0.197662,-0.0105508,-0.0107437,-0.088231,0.2596,-0.0557647,-0.132036,-0.0406673,0.100195,0.303358,-0.197379,-0.363499,-0.401846,0.714568,-0.0348358,0.0926063,0.310602,0.274532,-0.393057,0.14285,-0.178483,-0.221657,-0.104327,-0.155115,0.0452361,-0.061831,0.318997,-0.573148,-0.818322,0.00802046,-0.91618,0.571132,-0.582673,0.359655,0.343211,0.235835,0.51343,-0.16003,-0.335736,-0.360438,-0.195864,-0.247287,0.223598,-0.416996,-0.670957,-0.216237,0.10189,-0.0983037,-0.29785,0.0561991,-0.727009,-0.684913,-0.116001,0.162554,0.0986647,0.234362,-0.329553,-0.0747761,0.452211,-0.507142,0.092055,0.117819,0.0565424,0.519953,-0.261309,0.024991,0.0832717,-0.20633,-0.243611,0.212826,-0.0242498,0.0878278,0.446765,-0.238876,0.493887,-0.0377072,0.0490693,-0.532473,-0.44949,0.26424,-0.390636,-0.355822,0.00610878,-0.454506,0.545084,-0.0618353,-0.310356,-0.0646215,0.174605,0.525443,-0.373994,0.209951,-0.16884,0.120584,0.522943
-0.138734,0.111668,0.334759,-0.469396,-0.136805,0.143433,-0.0466276,0.844977,0.120313,-0.164811,-0.0727633,0.301687,0.331742,-0.0539172,0.347136,0.404571,0.122193,0.231758,-0.054711,-0.296214,0.121605,-0.195753,0.390843,0.29598,-0.0517186,0.913249,0.799129,0.710541,0.102023,0.181885,-0.479253,0.356893,0.3969,0.210304,-0.160549,-0.473536,0.241827,0.475567,0.0141855,0.219486,-0.129931,-0.155272,-0.0796651,-0.184444,0.610123,-0.094118,-0.105818,-0.181771,-1.01255,-0.104994,0.282178,0.192273,-0.0438065,0.0532184,-0.340716,0.751183,0.324372,-0.818125,0.235801,-0.468894,0.265099,-0.242645,0.182754,0.372943,0.991512,0.0642855,0.318404,0.0609288,-0.0776775,-0.111056,-0.551547,-0.276635,-1.04008,1.06185,-0.319507,-0.637914,-0.864353,0.0901704,0.702414,-0.701905,-0.101741,0.0228304,-0.0803737,0.125394,-0.232103,-0.26022,-0.33509,-0.352803,0.587951,0.926422,-0.272167,0.728636,-0.413238,-0.558869,-0.200253,-0.0654041,-0.042448,-0.490266,-0.267505,0.0814011,0.111872,-0.221283,0.0395396,0.0226724,-0.665768,0.705658,-0.46238,0.482427,-0.199749,0.0188768,0.424998,0.470769,0.0760122,0.514501,-0.29835,-0.544004,0.389162,-0.166898,0.581889,0.21715,0.639635,-0.400178,0.326437,-0.736651,-0.440754,0.521003,-0.0251586,-0.359664,0.387026,-0.0691859,-0.200103,0.0339645,0.0109282,0.0736822,-0.20149,0.360759,0.333248,-0.0474294,-0.169495,-0.47404,-0.0674739,0.420514,-0.29767,-0.0766282,0.398877,0.440534,-0.204593,-0.102771,-0.252946,0.14709,-0.253738,0.0259161,0.363341,-0.24594,0.0960661,-0.602037,0.442777,0.106304,0.433185,0.249752,-0.895022,-0.247526,-0.0583248,0.103738,-0.119677,0.133147,-0.389368,-0.180689,-0.0294066,0.0847005,0.13993,-0.0550904,-0.291561,-0.681969,0.407026,0.0156748,-0.0512003,0.274884,0.326406,-0.254301,0.0931036,0.187943,-0.254002,-0.0672104,-0.271399,0.157862,-0.0446885,0.425389,-0.570503,-0.476797,-0.174576,-0.761314,0.471225,-0.456413,0.353194,0.384106,0.249219,0.390244,-0.200526,-0.446837,-0.242032,-0.173357,-0.422836,0.51035,-0.203713,-0.720245,-0.225616,-0.144555,-0.00324546,-0.123194,-0.0742288,-0.508095,-0.752052,-0.215701,0.182513,0.209138,0.304196,-0.362088,0.142294,0.469126,-0.179247,0.162941,0.0409219,0.330247,0.507513,-0.370351,-0.135112,0.117408,0.0119809,-0.361976,0.375341,0.0720614,0.192785,0.586363,-0.491588,0.57386,-0.101687,0.0563226,-0.615077,-0.514841,0.260468,-0.468022,-0.319265,-0.164564,-0.375232,0.402138,-0.14557,-0.332512,0.0112516,0.163318,0.446422,-0.334105,0.578603,-0.272215,0.0101663,0.198922
-0.203067,0.219261,0.334759,-0.233742,0.0117562,0.291544,0.0253153,0.650008,0.26591,-0.265062,-0.109015,0.409692,0.277799,0.000791472,0.287825,0.319835,0.112022,0.23921,-0.0438738,-0.438913,0.100941,-0.309755,0.475749,0.149622,0.0271738,0.660415,0.72301,0.838421,-0.0935817,0.213713,-0.546985,0.450898,0.359893,0.16542,-0.0163624,-0.24313,0.333947,0.402818,0.239742,0.0518351,-0.200384,-0.316958,-0.0283277,-0.104936,0.492016,0.0427935,-0.0797375,-0.144383,-1.04612,-0.186969,0.250179,-0.126724,0.0859988,-0.00388112,-0.399608,0.660994,0.291977,-0.673,0.388193,-0.39254,0.299749,-0.173177,0.0451012,0.363607,1.05062,0.0901554,0.303536,0.036078,-0.0954611,-0.269638,-0.729869,-0.182056,-1.1771,1.04674,-0.317721,-0.692407,-0.683949,-0.0472498,0.674985,-0.663654,-0.091557,0.00540257,-0.195315,0.275068,-0.393528,-0.148718,-0.115052,-0.444062,0.333708,0.977181,-0.144795,0.661687,-0.355582,-0.472764,-0.222766,-0.24895,-0.00898559,-0.555722,-0.32121,-0.0371595,-0.0640888,-0.247021,0.00726203,-0.0613599,-0.6418,0.494497,-0.479162,0.372536,-0.322154,0.207035,0.469632,0.294679,0.270929,0.720491,-0.2832,-0.573144,0.506608,-0.202074,0.619245,0.170496,0.758589,-0.475061,0.329354,-0.682742,-0.391153,0.468977,-0.00375035,-0.284353,0.471262,0.0493976,-0.0835477,-0.0279257,-0.109735,0.0181127,-0.264152,0.2579,0.293067,-0.0493468,-0.127606,-0.456722,-0.0641859,0.699173,-0.198228,-0.0107652,0.437046,0.513945,-0.120279,-0.0826953,-0.150023,-0.0240466,-0.227952,-0.0322867,0.251369,-0.241275,0.0776003,-0.420066,0.563192,0.131408,0.386763,0.502833,-0.890108,-0.378051,-0.105959,0.155841,-0.141923,0.244662,-0.451084,-0.150138,-7.0494e-05,0.041271,0.204852,-0.0135503,-0.283442,-0.695391,0.424765,-0.0239457,0.131147,0.270742,0.235168,-0.154205,-0.0107438,0.183316,-0.18825,-0.0424701,-0.368813,-0.0117964,0.0156457,0.301911,-0.774707,-0.440069,-0.22739,-0.87893,0.36575,-0.400335,0.593896,0.430996,0.210461,0.360677,-0.0217314,-0.515049,-0.346975,-0.244277,-0.3898,0.677209,-0.300285,-0.800115,-0.346014,-0.128804,0.0232717,-0.125177,-0.205754,-0.565898,-0.636832,-0.345396,0.189178,0.23417,0.458882,-0.486704,0.115674,0.290086,-0.33272,0.0703986,0.014799,0.321965,0.408056,-0.0872902,-0.305211,0.0687996,-0.176899,-0.413677,0.193534,0.064057,0.145541,0.462523,-0.357904,0.436604,0.0265932,0.0910189,-0.747627,-0.363736,0.326187,-0.552323,-0.308052,-0.0548559,-0.296234,0.366378,-0.111968,-0.241451,0.16356,0.108529,0.51333,-0.397155,0.662035,-0.322826,0.0409697,0.692444
